
-- init products
insert into SHOP_PRODUCT
(ID, VERSION, CREATE_TS, CREATED_BY, UPDATE_TS, UPDATED_BY, DELETE_TS, DELETED_BY, NAME)
values ('a892af02-de6b-8345-5d20-92509bf218bd', 1, '2020-02-27 22:40:02', 'admin', '2020-02-27 22:40:02', null, null, null, 'Apple');

insert into SHOP_PRODUCT
(ID, VERSION, CREATE_TS, CREATED_BY, UPDATE_TS, UPDATED_BY, DELETE_TS, DELETED_BY, NAME)
values ('25a66185-b84a-5fe3-b8d3-1a8813403fe3', 1, '2020-02-27 22:40:06', 'admin', '2020-02-27 22:40:06', null, null, null, 'Banana');

insert into SHOP_PRODUCT
(ID, VERSION, CREATE_TS, CREATED_BY, UPDATE_TS, UPDATED_BY, DELETE_TS, DELETED_BY, NAME)
values ('a163b4c1-f3e9-127f-9e64-3aeb8217ab04', 1, '2020-03-12 19:05:45', 'admin', '2020-03-12 19:05:45', null, null, null, 'Orange');

-- init customers
insert into SHOP_CUSTOMER
(ID, VERSION, CREATE_TS, CREATED_BY, UPDATE_TS, UPDATED_BY, DELETE_TS, DELETED_BY, FIRST_NAME, LAST_NAME)
values ('7b834026-52ed-5937-95f5-3575acc269a5', 2, '2020-02-27 22:26:27', 'admin', '2020-02-27 22:26:38', 'admin', null, null, 'Ivan', 'Ivanov');

insert into SHOP_CUSTOMER
(ID, VERSION, CREATE_TS, CREATED_BY, UPDATE_TS, UPDATED_BY, DELETE_TS, DELETED_BY, FIRST_NAME, LAST_NAME)
values ('e5d3efa6-dd4b-d5e2-f3e4-083cb88d0150', 1, '2020-02-27 22:26:45', 'admin', '2020-02-27 22:26:45', null, null, null, 'Petr', 'Petrov');

-- init storages
insert into SHOP_STORAGE
(ID, VERSION, CREATE_TS, CREATED_BY, UPDATE_TS, UPDATED_BY, DELETE_TS, DELETED_BY, NAME)
values ('d98aef47-4416-4543-e708-a33199f0d793', 3, '2020-02-27 22:33:56', 'admin', '2020-03-12 19:06:11', 'admin', null, null, 'Togliatty Storage');

insert into SHOP_STORAGE_ITEM
(ID, VERSION, CREATE_TS, CREATED_BY, UPDATE_TS, UPDATED_BY, DELETE_TS, DELETED_BY, PRODUCT_ID, STORAGE_ID, COUNT_)
values ('b5a646e9-d549-5538-e4ba-d54d92aae324', 2, '2020-02-27 22:40:28', 'admin', '2020-03-12 19:06:36', 'admin', null, null, '25a66185-b84a-5fe3-b8d3-1a8813403fe3', 'd98aef47-4416-4543-e708-a33199f0d793', 190);

insert into SHOP_STORAGE_ITEM
(ID, VERSION, CREATE_TS, CREATED_BY, UPDATE_TS, UPDATED_BY, DELETE_TS, DELETED_BY, PRODUCT_ID, STORAGE_ID, COUNT_)
values ('a832fa61-72ab-82d3-33cc-345c206cbbbe', 2, '2020-03-12 19:06:11', 'admin', '2020-03-12 19:06:36', 'admin', null, null, 'a163b4c1-f3e9-127f-9e64-3aeb8217ab04', 'd98aef47-4416-4543-e708-a33199f0d793', 250);

insert into SHOP_STORAGE_ITEM
(ID, VERSION, CREATE_TS, CREATED_BY, UPDATE_TS, UPDATED_BY, DELETE_TS, DELETED_BY, PRODUCT_ID, STORAGE_ID, COUNT_)
values ('01704f44-fb8d-7ec6-4b17-94caf1f63d93', 2, '2020-02-27 22:40:28', 'admin', '2020-03-12 19:06:36', 'admin', null, null, 'a892af02-de6b-8345-5d20-92509bf218bd', 'd98aef47-4416-4543-e708-a33199f0d793', 90);

insert into SHOP_STORAGE
(ID, VERSION, CREATE_TS, CREATED_BY, UPDATE_TS, UPDATED_BY, DELETE_TS, DELETED_BY, NAME)
values ('00b2b824-b606-2da8-0539-d9e2a67faa0b', 2, '2020-02-27 22:34:04', 'admin', '2020-02-27 22:40:58', 'admin', null, null, 'Samara Storage');

insert into SHOP_STORAGE_ITEM
(ID, VERSION, CREATE_TS, CREATED_BY, UPDATE_TS, UPDATED_BY, DELETE_TS, DELETED_BY, PRODUCT_ID, STORAGE_ID, COUNT_)
values ('9f2f0a07-4526-aeb3-4f4f-c5ac7d6f10dd', 4, '2020-02-27 22:40:58', 'admin', '2020-03-12 19:03:22', 'admin', null, null, '25a66185-b84a-5fe3-b8d3-1a8813403fe3', '00b2b824-b606-2da8-0539-d9e2a67faa0b', 5660);

insert into SHOP_STORAGE_ITEM
(ID, VERSION, CREATE_TS, CREATED_BY, UPDATE_TS, UPDATED_BY, DELETE_TS, DELETED_BY, PRODUCT_ID, STORAGE_ID, COUNT_)
values ('3c40be08-089e-5123-a5f8-86bd3d986189', 3, '2020-02-27 22:40:58', 'admin', '2020-03-12 19:03:22', 'admin', null, null, 'a892af02-de6b-8345-5d20-92509bf218bd', '00b2b824-b606-2da8-0539-d9e2a67faa0b', 2800);

-- init orders
insert into SHOP_ORDER
(ID, VERSION, CREATE_TS, CREATED_BY, UPDATE_TS, UPDATED_BY, DELETE_TS, DELETED_BY, NUMBER_, CUSTOMER_ID, ORDER_STATUS)
values ('96b46bf2-1ac5-f7f1-de4e-5c6b63fc65e1', 4, '2020-02-27 22:41:59', 'admin', '2020-03-12 19:03:22', 'admin', null, null, '35-AEUCSEEO', '7b834026-52ed-5937-95f5-3575acc269a5', 'B');

insert into SHOP_ORDER_ITEM
(ID, VERSION, CREATE_TS, CREATED_BY, UPDATE_TS, UPDATED_BY, DELETE_TS, DELETED_BY, PRODUCT_ID, ORDER_ID, COUNT_)
values ('081e757d-31d4-cf3d-92d9-e4fd408a3c3f', 1, '2020-02-27 22:41:59', 'admin', '2020-02-27 22:41:59', null, null, null, '25a66185-b84a-5fe3-b8d3-1a8813403fe3', '96b46bf2-1ac5-f7f1-de4e-5c6b63fc65e1', 170);

insert into SHOP_ORDER_ITEM
(ID, VERSION, CREATE_TS, CREATED_BY, UPDATE_TS, UPDATED_BY, DELETE_TS, DELETED_BY, PRODUCT_ID, ORDER_ID, COUNT_)
values ('7403a141-209c-6880-20de-62528d2b5fe5', 1, '2020-02-27 22:41:59', 'admin', '2020-02-27 22:41:59', null, null, null, 'a892af02-de6b-8345-5d20-92509bf218bd', '96b46bf2-1ac5-f7f1-de4e-5c6b63fc65e1', 100);

insert into SHOP_ORDER
(ID, VERSION, CREATE_TS, CREATED_BY, UPDATE_TS, UPDATED_BY, DELETE_TS, DELETED_BY, NUMBER_, CUSTOMER_ID, ORDER_STATUS)
values ('e7ac8109-3c16-cbd4-ef90-744e361c0a16', 3, '2020-03-12 19:05:07', 'admin', '2020-03-12 19:06:37', 'admin', null, null, '44-TACEWETH', '7b834026-52ed-5937-95f5-3575acc269a5', 'A');

insert into SHOP_ORDER_ITEM
(ID, VERSION, CREATE_TS, CREATED_BY, UPDATE_TS, UPDATED_BY, DELETE_TS, DELETED_BY, PRODUCT_ID, ORDER_ID, COUNT_)
values ('7b8918c9-728f-c07e-72e8-7280d4324153', 1, '2020-03-12 19:06:34', 'admin', '2020-03-12 19:06:34', null, null, null, 'a163b4c1-f3e9-127f-9e64-3aeb8217ab04', 'e7ac8109-3c16-cbd4-ef90-744e361c0a16', 50);

insert into SHOP_ORDER_ITEM
(ID, VERSION, CREATE_TS, CREATED_BY, UPDATE_TS, UPDATED_BY, DELETE_TS, DELETED_BY, PRODUCT_ID, ORDER_ID, COUNT_)
values ('36131b17-e2eb-8c08-58a1-4d4054d53e50', 1, '2020-03-12 19:05:07', 'admin', '2020-03-12 19:05:07', null, null, null, '25a66185-b84a-5fe3-b8d3-1a8813403fe3', 'e7ac8109-3c16-cbd4-ef90-744e361c0a16', 10);

insert into SHOP_ORDER_ITEM
(ID, VERSION, CREATE_TS, CREATED_BY, UPDATE_TS, UPDATED_BY, DELETE_TS, DELETED_BY, PRODUCT_ID, ORDER_ID, COUNT_)
values ('949b16f8-0d5c-e5c7-8268-fd5e5405f8a9', 1, '2020-03-12 19:05:07', 'admin', '2020-03-12 19:05:07', null, null, null, 'a892af02-de6b-8345-5d20-92509bf218bd', 'e7ac8109-3c16-cbd4-ef90-744e361c0a16', 10);

-- make order placed
insert into SHOP_ORDER_STORAGE_ITEM
(ID, VERSION, CREATE_TS, CREATED_BY, UPDATE_TS, UPDATED_BY, DELETE_TS, DELETED_BY, ORDER_ID, STORAGE_ID)
values ('a27be186-dbf2-bd9f-b06e-d7e7f3975174', 1, '2020-03-12 19:03:22', 'admin', '2020-03-12 19:03:22', null, null, null, '96b46bf2-1ac5-f7f1-de4e-5c6b63fc65e1', '00b2b824-b606-2da8-0539-d9e2a67faa0b');
